City_ID,City,Lat,Lng,Max Temp,Current Description,Humidity,Cloudiness,Wind Speed,Country,Date
0,Ushuaia,-54.8,-68.3,46.06,scattered clouds,66,40,5.75,AR,2022-08-31 22:22:14
1,Saint-Francois,46.4154,3.9054,63.84,clear sky,82,0,2.3,FR,2022-08-31 22:22:14
2,Ambulu,-8.345,113.6058,72.61,overcast clouds,93,94,3.22,ID,2022-08-31 22:22:14
3,Banda Aceh,5.5577,95.3222,78.69,broken clouds,81,84,9.82,ID,2022-08-31 22:22:15
4,Half Moon Bay,37.4636,-122.4286,88.57,clear sky,60,0,19.57,US,2022-08-31 22:22:15
5,Tuktoyaktuk,69.4541,-133.0374,64.4,scattered clouds,59,40,8.05,CA,2022-08-31 22:22:15
6,Mataura,-46.1927,168.8643,57.47,broken clouds,71,59,2.82,NZ,2022-08-31 22:22:16
7,Hamilton,39.1834,-84.5333,83.25,scattered clouds,50,40,10.36,US,2022-08-31 22:18:59
8,Camocim,-2.9022,-40.8411,77.76,clear sky,75,2,12.95,BR,2022-08-31 22:22:16
9,Korla,41.7597,86.1469,70.86,clear sky,37,3,13.04,CN,2022-08-31 22:22:16
10,Albany,42.6001,-73.9662,77.41,few clouds,56,24,7.29,US,2022-08-31 22:18:07
11,Finnsnes,69.2296,17.9811,45.75,overcast clouds,88,87,2.68,NO,2022-08-31 22:22:17
12,Kapaa,22.0752,-159.319,84.18,clear sky,63,0,11.5,US,2022-08-31 22:22:17
13,Tigil,57.8,158.6667,57.9,clear sky,74,4,15.48,RU,2022-08-31 22:22:17
14,Clyde River,70.4692,-68.5914,39.43,overcast clouds,81,100,10.36,CA,2022-08-31 22:22:18
15,Ucluelet,48.9329,-125.5528,62.1,few clouds,87,11,1.99,CA,2022-08-31 22:20:46
16,Qaanaaq,77.484,-69.3632,33.12,clear sky,68,0,2.26,GL,2022-08-31 22:22:18
17,Jamestown,42.097,-79.2353,76.01,few clouds,44,20,18.41,US,2022-08-31 22:18:07
18,Barrow,71.2906,-156.7887,39.22,mist,93,100,18.41,US,2022-08-31 22:20:20
19,Bluff,-46.6,168.3333,57.79,overcast clouds,87,100,5.37,NZ,2022-08-31 22:22:19
20,Rikitea,-23.1203,-134.9692,73.15,clear sky,77,1,4.05,PF,2022-08-31 22:22:19
21,Puerto Ayora,-0.7393,-90.3518,76.96,overcast clouds,91,91,8.99,EC,2022-08-31 22:22:19
22,Saint-Philippe,-21.3585,55.7679,67.59,few clouds,78,16,3.62,RE,2022-08-31 22:22:19
23,Longyearbyen,78.2186,15.6401,35.44,broken clouds,87,75,9.22,SJ,2022-08-31 22:22:20
24,Kankan,10.3854,-9.3057,71.47,moderate rain,96,99,3.69,GN,2022-08-31 22:22:20
25,Faanui,-16.4833,-151.75,78.49,scattered clouds,61,36,19.57,PF,2022-08-31 22:22:20
26,Bredasdorp,-34.5322,20.0403,51.67,scattered clouds,73,43,6.53,ZA,2022-08-31 22:22:21
27,Ternate,0.8,127.4,79.65,scattered clouds,80,41,2.33,ID,2022-08-31 22:22:21
28,Carandai,-20.9536,-43.8064,53.64,clear sky,65,0,9.13,BR,2022-08-31 22:22:21
29,Ribeira Grande,38.5167,-28.7,72.93,broken clouds,81,82,7.92,PT,2022-08-31 22:22:22
30,Kilindoni,-7.9139,39.6668,75.4,few clouds,79,15,19.1,TZ,2022-08-31 22:22:22
31,Hilo,19.7297,-155.09,89.28,broken clouds,73,75,13.8,US,2022-08-31 22:22:22
32,Vaini,-21.2,-175.2,75.36,few clouds,83,20,11.5,TO,2022-08-31 22:22:23
33,Ust-Karsk,52.7011,118.8077,39.78,overcast clouds,59,90,4.45,RU,2022-08-31 22:22:23
34,Busselton,-33.65,115.3333,46.56,clear sky,82,0,9.75,AU,2022-08-31 22:22:23
35,Mandalay,21.9747,96.0836,80.78,overcast clouds,78,100,5.35,MM,2022-08-31 22:22:23
36,Ancud,-41.8697,-73.8203,47.23,overcast clouds,85,100,7.49,CL,2022-08-31 22:18:24
37,Haines Junction,60.7522,-137.5108,60.75,clear sky,44,8,9.22,CA,2022-08-31 22:22:24
38,Guiratinga,-16.3494,-53.7583,86.9,broken clouds,22,55,4.43,BR,2022-08-31 22:22:24
39,San Jose,37.3394,-121.895,95.92,clear sky,47,0,11.5,US,2022-08-31 22:21:31
40,Constitucion,-35.3333,-72.4167,53.49,overcast clouds,86,100,8.72,CL,2022-08-31 22:22:25
41,Derzhavinsk,51.1,66.3167,73.65,broken clouds,37,60,6.4,KZ,2022-08-31 22:22:25
42,Chuy,-33.6971,-53.4616,55.13,overcast clouds,90,85,8.05,UY,2022-08-31 22:22:25
43,Touros,-5.1989,-35.4608,76.32,overcast clouds,72,86,20.33,BR,2022-08-31 22:23:26
44,Vilhena,-12.7406,-60.1458,86.22,clear sky,32,0,8.05,BR,2022-08-31 22:23:26
45,Belyy Yar,53.6039,91.3903,55.85,clear sky,76,0,0.0,RU,2022-08-31 22:23:26
46,Concordia,-31.393,-58.0209,66.78,clear sky,61,7,8.99,AR,2022-08-31 22:23:27
47,Puerto Escondido,15.85,-97.0667,86.83,scattered clouds,62,40,11.5,MX,2022-08-31 22:23:27
48,Souillac,-20.5167,57.5167,62.98,few clouds,88,20,4.61,MU,2022-08-31 22:23:27
49,Hattiesburg,31.3271,-89.2903,91.69,clear sky,65,0,6.91,US,2022-08-31 22:18:46
50,Arraial Do Cabo,-22.9661,-42.0278,62.56,clear sky,72,0,8.05,BR,2022-08-31 22:19:11
51,Lebu,-37.6167,-73.65,51.66,clear sky,82,8,9.73,CL,2022-08-31 22:23:28
52,Bethel,41.3712,-73.414,82.54,clear sky,42,0,6.91,US,2022-08-31 22:23:28
53,Punta Arenas,-53.15,-70.9167,44.71,light rain,81,100,19.57,CL,2022-08-31 22:19:23
54,Hermanus,-34.4187,19.2345,57.96,scattered clouds,50,45,13.96,ZA,2022-08-31 22:23:28
55,Kavieng,-2.5744,150.7967,83.97,overcast clouds,66,96,16.98,PG,2022-08-31 22:23:29
56,Tuatapere,-46.1333,167.6833,54.7,broken clouds,83,81,3.04,NZ,2022-08-31 22:23:29
57,Salalah,17.0151,54.0924,77.09,broken clouds,88,75,2.3,OM,2022-08-31 22:23:29
58,Codrington,-38.2667,141.9667,47.57,overcast clouds,74,100,9.17,AU,2022-08-31 22:23:29
59,Cabo San Lucas,22.8909,-109.9124,91.71,broken clouds,51,75,9.22,MX,2022-08-31 22:20:05
60,Yellowknife,62.456,-114.3525,61.32,broken clouds,72,75,8.05,CA,2022-08-31 22:23:30
61,Avarua,-21.2078,-159.775,78.85,scattered clouds,83,40,6.91,CK,2022-08-31 22:23:30
62,Norman Wells,65.282,-126.8329,66.24,scattered clouds,55,40,5.75,CA,2022-08-31 22:23:30
63,Nisia Floresta,-6.0911,-35.2086,79.18,overcast clouds,73,100,13.78,BR,2022-08-31 22:19:33
64,Namibe,-15.1961,12.1522,64.62,broken clouds,86,65,10.63,AO,2022-08-31 22:23:31
65,Richards Bay,-28.783,32.0377,59.05,broken clouds,70,61,5.01,ZA,2022-08-31 22:23:31
66,Koungheul,13.9833,-14.8,74.64,heavy intensity rain,95,100,8.41,SN,2022-08-31 22:23:32
67,Camacha,33.0833,-16.3333,69.22,scattered clouds,73,40,9.22,PT,2022-08-31 22:23:32
68,Hofn,64.2539,-15.2082,53.56,moderate rain,97,100,27.69,IS,2022-08-31 22:23:32
69,Naron,43.5167,-8.1528,65.25,scattered clouds,90,32,4.41,ES,2022-08-31 22:23:32
70,Mar Del Plata,-38.0023,-57.5575,57.09,clear sky,54,0,11.99,AR,2022-08-31 22:22:34
71,Nerchinskiy Zavod,51.3088,119.61,38.48,broken clouds,49,77,4.25,RU,2022-08-31 22:23:33
72,Bereda,43.2686,-7.5406,55.15,broken clouds,100,57,0.25,ES,2022-08-31 22:23:33
73,Cape Town,-33.9258,18.4232,72.01,clear sky,25,0,8.05,ZA,2022-08-31 22:20:34
74,Morant Bay,17.8815,-76.4093,85.62,overcast clouds,74,100,10.54,JM,2022-08-31 22:23:34
75,Omboue,-1.5746,9.2618,75.33,broken clouds,85,56,9.13,GA,2022-08-31 22:23:34
76,Pevek,69.7008,170.3133,33.19,overcast clouds,86,100,12.1,RU,2022-08-31 22:23:34
77,Bouar,5.934,15.596,66.16,moderate rain,98,100,0.36,CF,2022-08-31 22:23:34
78,Beyneu,45.3167,55.2,80.24,clear sky,21,0,14.58,KZ,2022-08-31 22:23:35
79,Tiksi,71.6872,128.8694,41.11,broken clouds,95,84,4.88,RU,2022-08-31 22:23:35
80,Kefamenanu,-9.4467,124.4781,68.58,broken clouds,91,70,2.82,ID,2022-08-31 22:23:35
81,Micheweni,-4.9667,39.8333,73.17,scattered clouds,80,41,7.83,TZ,2022-08-31 22:23:36
82,Saskylakh,71.9167,114.0833,39.4,light rain,97,100,12.95,RU,2022-08-31 22:23:36
83,Butaritari,3.0707,172.7902,81.99,clear sky,77,6,19.55,KI,2022-08-31 22:23:36
84,Shu,43.5983,73.7614,67.8,clear sky,20,0,5.55,KZ,2022-08-31 22:23:37
85,Phayao,19.25,100.25,72.88,overcast clouds,98,100,1.16,TH,2022-08-31 22:23:37
86,Caravelas,-17.7125,-39.2481,66.36,overcast clouds,78,98,8.75,BR,2022-08-31 22:23:37
87,Poum,-20.2333,164.0167,74.79,broken clouds,76,71,19.28,NC,2022-08-31 22:23:37
88,Urbana,40.1106,-88.2073,84.11,clear sky,54,0,7.0,US,2022-08-31 22:23:38
89,Adrar,20.5022,-10.0711,88.72,overcast clouds,38,100,2.77,MR,2022-08-31 22:23:38
90,Pozo Colorado,-23.4923,-58.7972,81.48,clear sky,32,0,5.84,PY,2022-08-31 22:24:38
91,Georgetown,5.4112,100.3354,82.33,few clouds,93,20,5.75,MY,2022-08-31 22:21:06
92,Cabedelo,-6.9811,-34.8339,75.87,overcast clouds,75,97,15.5,BR,2022-08-31 22:24:39
93,Abu Samrah,35.3029,37.1841,85.51,scattered clouds,38,39,5.77,SY,2022-08-31 22:24:39
94,Campbell River,50.0163,-125.2446,86.38,few clouds,37,20,3.44,CA,2022-08-31 22:24:39
95,Lambarene,-0.7001,10.2406,76.55,overcast clouds,76,95,6.02,GA,2022-08-31 22:24:40
96,Xai-Xai,-25.0519,33.6442,65.35,light rain,67,71,13.85,MZ,2022-08-31 22:24:40
97,Flinders,-34.5833,150.8552,58.17,few clouds,91,19,4.0,AU,2022-08-31 22:24:40
98,Paamiut,61.994,-49.6678,41.88,scattered clouds,77,27,12.44,GL,2022-08-31 22:24:41
99,Lorengau,-2.0226,147.2712,82.2,overcast clouds,80,87,10.4,PG,2022-08-31 22:22:02
100,Iqaluit,63.7506,-68.5145,46.13,overcast clouds,75,100,18.41,CA,2022-08-31 22:24:41
101,Saldanha,-33.0117,17.9442,64.45,scattered clouds,62,44,12.17,ZA,2022-08-31 22:20:28
102,Pitimbu,-7.4706,-34.8086,75.79,overcast clouds,76,100,14.9,BR,2022-08-31 22:24:41
103,Sakakah,29.9697,40.2064,89.17,clear sky,15,4,1.28,SA,2022-08-31 22:24:42
104,Hobart,-42.8794,147.3294,56.05,few clouds,73,20,8.05,AU,2022-08-31 22:21:58
105,Along,28.1667,94.7667,74.52,overcast clouds,99,100,0.89,IN,2022-08-31 22:24:42
106,Muros,42.7762,-9.0603,63.68,overcast clouds,90,88,4.5,ES,2022-08-31 22:24:42
107,Tura,25.5198,90.2201,73.96,overcast clouds,97,100,4.03,IN,2022-08-31 22:24:43
108,Mindelo,16.8901,-24.9804,80.15,overcast clouds,78,100,3.44,CV,2022-08-31 22:24:43
109,Smolenka,52.1352,113.4974,48.27,scattered clouds,61,28,8.95,RU,2022-08-31 22:24:43
110,Minsk,53.9,27.5667,47.95,scattered clouds,79,27,9.33,BY,2022-08-31 22:20:30
111,Bengkulu,-3.8004,102.2655,74.97,broken clouds,90,84,4.29,ID,2022-08-31 22:24:03
112,Upernavik,72.7868,-56.1549,39.94,overcast clouds,89,100,19.33,GL,2022-08-31 22:24:44
113,Sidvokodvo,-26.6282,31.4202,51.71,clear sky,69,0,0.83,SZ,2022-08-31 22:20:18
114,Carnarvon,-24.8667,113.6333,64.38,few clouds,40,11,16.84,AU,2022-08-31 22:24:44
115,Sola,-13.8833,167.55,75.87,overcast clouds,94,98,4.61,VU,2022-08-31 22:24:45
116,Cherskiy,68.75,161.3,39.2,overcast clouds,79,100,4.59,RU,2022-08-31 22:21:31
117,Rusape,-18.5278,32.1284,48.65,scattered clouds,81,30,9.4,ZW,2022-08-31 22:24:45
118,Kaitangata,-46.2817,169.8464,50.56,broken clouds,77,71,2.82,NZ,2022-08-31 22:24:45
119,Tilichiki,60.4667,166.1,49.39,clear sky,56,0,13.24,RU,2022-08-31 22:24:46
120,College,64.8569,-147.8028,64.58,broken clouds,60,75,6.91,US,2022-08-31 22:24:46
121,Atuona,-9.8,-139.0333,77.18,clear sky,67,6,22.21,PF,2022-08-31 22:24:46
122,Dikson,73.5069,80.5464,40.55,overcast clouds,90,94,13.91,RU,2022-08-31 22:20:19
123,Sao Filipe,14.8961,-24.4956,77.92,overcast clouds,81,86,5.32,CV,2022-08-31 22:20:17
124,Port Alfred,-33.5906,26.891,55.18,clear sky,74,0,5.99,ZA,2022-08-31 22:24:47
125,Acapulco,16.8634,-99.8901,85.82,scattered clouds,70,40,8.05,MX,2022-08-31 22:24:47
126,Lompoc,34.6391,-120.4579,81.84,clear sky,66,0,17.27,US,2022-08-31 22:24:03
127,Najran,17.4924,44.1277,77.65,overcast clouds,24,90,4.29,SA,2022-08-31 22:24:47
128,Tahe,52.3333,124.7333,38.19,few clouds,91,23,4.03,CN,2022-08-31 22:24:47
129,Grindavik,63.8424,-22.4338,48.67,broken clouds,87,75,11.5,IS,2022-08-31 22:24:47
130,Sitka,57.0531,-135.33,62.49,clear sky,72,0,8.05,US,2022-08-31 22:24:48
131,Saint George,37.1041,-113.5841,108.25,clear sky,10,0,4.61,US,2022-08-31 22:24:06
132,Basco,20.4487,121.9702,85.35,overcast clouds,76,100,16.33,PH,2022-08-31 22:24:48
133,Ninghai,29.2892,121.4247,72.91,overcast clouds,86,90,8.86,CN,2022-08-31 22:24:48
134,Narsaq,60.9167,-46.05,46.62,few clouds,60,11,1.48,GL,2022-08-31 22:24:49
135,Port Hardy,50.6996,-127.4199,64.58,fog,77,40,10.36,CA,2022-08-31 22:25:49
136,Berlevag,70.8578,29.0864,44.55,broken clouds,70,75,12.66,NO,2022-08-31 22:25:49
137,Bilma,18.6853,12.9164,95.52,few clouds,23,15,8.79,NE,2022-08-31 22:25:50
138,Tolaga Bay,-38.3667,178.3,55.99,scattered clouds,55,36,5.39,NZ,2022-08-31 22:25:50
139,Port Elizabeth,-33.918,25.5701,57.49,clear sky,75,0,17.27,ZA,2022-08-31 22:24:52
140,Bar Harbor,44.3876,-68.2039,72.61,clear sky,88,0,11.5,US,2022-08-31 22:25:50
141,Iwaki,37.05,140.8833,82.76,overcast clouds,96,100,11.01,JP,2022-08-31 22:25:51
142,Khani,41.9563,42.9566,63.97,scattered clouds,40,50,4.81,GE,2022-08-31 22:25:51
143,Airai,-8.9266,125.4092,56.8,broken clouds,76,79,3.09,TL,2022-08-31 22:25:51
144,Cherepovets,59.1333,37.9,47.05,overcast clouds,89,100,14.41,RU,2022-08-31 22:25:51
145,Denpasar,-8.65,115.2167,76.71,broken clouds,94,75,6.91,ID,2022-08-31 22:25:51
146,Kutum,14.2,24.6667,77.63,broken clouds,55,79,6.42,SD,2022-08-31 22:25:52
147,Lithakia,37.7167,20.8333,72.77,clear sky,76,0,6.24,GR,2022-08-31 22:25:52
148,Ladario,-19.0047,-57.6017,85.05,clear sky,27,1,3.04,BR,2022-08-31 22:25:52
149,Mountain Home,43.133,-115.6912,99.88,clear sky,10,0,5.75,US,2022-08-31 22:25:53
150,Esperance,-33.8667,121.9,51.48,scattered clouds,80,45,5.75,AU,2022-08-31 22:25:53
151,Necochea,-38.5473,-58.7368,57.65,overcast clouds,73,100,7.81,AR,2022-08-31 22:25:53
152,Thompson,55.7435,-97.8558,53.76,overcast clouds,62,100,5.75,CA,2022-08-31 22:25:54
153,Tabou,4.423,-7.3528,74.08,heavy intensity rain,97,100,7.63,CI,2022-08-31 22:25:54
154,Khatanga,71.9667,102.5,37.78,overcast clouds,94,100,17.52,RU,2022-08-31 22:25:54
155,Choa Saidan Shah,32.7201,72.9849,81.1,clear sky,58,0,1.59,PK,2022-08-31 22:25:54
156,Nanortalik,60.1432,-45.2371,40.98,broken clouds,80,65,11.92,GL,2022-08-31 22:25:55
157,Hualmay,-11.0964,-77.6139,64.04,clear sky,74,9,13.98,PE,2022-08-31 22:20:58
158,Castro,-24.7911,-50.0119,53.46,few clouds,82,12,6.17,BR,2022-08-31 22:25:55
159,Robe,-37.1833,139.75,54.64,overcast clouds,77,100,11.3,AU,2022-08-31 22:25:55
160,Ponta Do Sol,32.6667,-17.1,73.0,overcast clouds,67,98,7.05,PT,2022-08-31 22:25:56
161,Townsville,-19.25,146.8,72.48,few clouds,68,20,5.75,AU,2022-08-31 22:22:13
162,Talnakh,69.4865,88.3972,36.21,few clouds,86,14,3.09,RU,2022-08-31 22:25:56
163,Shaoguan,24.8,113.5833,72.95,overcast clouds,90,92,2.33,CN,2022-08-31 22:25:56
164,Ahipara,-35.1667,173.1667,57.6,overcast clouds,67,100,5.93,NZ,2022-08-31 22:25:57
165,Storforshei,66.4043,14.5233,46.65,broken clouds,87,75,3.44,NO,2022-08-31 22:25:57
166,New Norfolk,-42.7826,147.0587,56.71,overcast clouds,66,93,5.99,AU,2022-08-31 22:25:57
167,Dwarka,22.2394,68.9678,80.44,overcast clouds,80,87,11.52,IN,2022-08-31 22:25:58
168,Bolu,40.6667,31.5833,66.54,scattered clouds,96,34,3.04,TR,2022-08-31 22:25:58
169,Alofi,-19.0595,-169.9187,76.89,broken clouds,83,75,12.66,NU,2022-08-31 22:25:58
170,Kenai,60.5544,-151.2583,53.69,light rain,94,100,10.36,US,2022-08-31 22:25:58
171,Rocha,-34.4833,-54.3333,55.87,overcast clouds,92,87,6.6,UY,2022-08-31 22:25:59
172,Moree,-29.4667,149.85,59.41,broken clouds,74,56,10.67,AU,2022-08-31 22:25:08
173,Bilibino,68.0546,166.4372,37.42,scattered clouds,67,45,2.75,RU,2022-08-31 22:25:59
174,Bubaque,11.2833,-15.8333,79.9,light rain,81,100,17.58,GW,2022-08-31 22:25:59
175,Klaksvik,62.2266,-6.589,50.92,few clouds,90,13,17.02,FO,2022-08-31 22:26:00
176,Santa Maria,-29.6842,-53.8069,61.9,clear sky,72,0,8.05,BR,2022-08-31 22:26:00
177,Chara,56.9064,118.2631,39.45,light rain,77,87,2.13,RU,2022-08-31 22:26:00
178,Christchurch,-43.5333,172.6333,64.47,broken clouds,65,70,3.44,NZ,2022-08-31 22:25:06
179,Los Llanos De Aridane,28.6585,-17.9182,69.55,overcast clouds,94,100,11.5,ES,2022-08-31 22:23:32
180,Hithadhoo,-0.6,73.0833,80.55,overcast clouds,75,94,15.88,MV,2022-08-31 22:26:01
181,Vikhorevka,56.1201,101.1636,53.19,moderate rain,97,100,11.79,RU,2022-08-31 22:27:01
182,Naze,28.3667,129.4833,83.32,scattered clouds,83,32,16.26,JP,2022-08-31 22:27:01
183,Nikolskoye,59.7035,30.7861,46.87,light rain,95,100,11.59,RU,2022-08-31 22:27:02
184,Benjamin Hill,30.1667,-111.1,89.69,few clouds,40,14,3.42,MX,2022-08-31 22:27:02
185,Sorland,67.667,12.6934,50.4,overcast clouds,69,100,9.42,NO,2022-08-31 22:27:02
186,Manado,1.487,124.8455,75.97,scattered clouds,100,40,2.3,ID,2022-08-31 22:27:03
187,Tyup,42.7276,78.3648,52.47,clear sky,41,0,4.18,KG,2022-08-31 22:27:03
188,Sobolevo,54.4299,31.8996,47.16,broken clouds,70,72,5.99,RU,2022-08-31 22:27:03
189,Coos Bay,43.3665,-124.2179,78.31,scattered clouds,82,40,12.66,US,2022-08-31 22:27:04
190,Chapada Dos Guimaraes,-15.4606,-55.7497,83.86,clear sky,23,3,4.65,BR,2022-08-31 22:27:04
191,Ngunguru,-35.6167,174.5,57.04,overcast clouds,57,100,4.85,NZ,2022-08-31 22:27:04
192,Jacareacanga,-6.2222,-57.7528,86.45,clear sky,30,5,1.86,BR,2022-08-31 22:27:04
193,Carutapera,-1.195,-46.02,80.1,broken clouds,73,69,10.11,BR,2022-08-31 22:27:05
194,Jining,35.405,116.5814,65.28,clear sky,93,6,3.74,CN,2022-08-31 22:27:05
195,Grand Forks,47.9417,-97.4337,89.33,clear sky,35,0,8.05,US,2022-08-31 22:27:05
196,Chor,25.5167,69.7667,82.13,broken clouds,74,77,11.21,PK,2022-08-31 22:27:06
197,Mattru,7.6244,-11.8332,73.36,overcast clouds,97,100,3.18,SL,2022-08-31 22:27:06
198,Pishin,30.5803,66.9961,73.58,clear sky,35,6,0.76,PK,2022-08-31 22:27:06
199,Kota Belud,6.351,116.4305,75.61,overcast clouds,86,98,3.2,MY,2022-08-31 22:27:07
200,Victoria,22.2855,114.1577,86.32,clear sky,84,6,5.01,HK,2022-08-31 22:26:13
201,Kavali,14.9167,79.9833,82.24,overcast clouds,77,99,5.86,IN,2022-08-31 22:27:07
202,Ilulissat,69.2167,-51.1,39.22,overcast clouds,87,100,6.91,GL,2022-08-31 22:27:07
203,Santa Cruz De Tenerife,28.4682,-16.2546,76.91,few clouds,92,20,2.3,ES,2022-08-31 22:26:20
204,Progreso,21.2833,-89.6667,85.1,overcast clouds,69,90,13.33,MX,2022-08-31 22:23:18
205,Middle Island,40.8843,-72.9373,84.83,clear sky,40,0,13.8,US,2022-08-31 22:27:08
206,Grand Junction,39.0639,-108.5507,98.24,clear sky,13,0,7.0,US,2022-08-31 22:22:27
207,Havant,50.8567,-0.9856,63.91,broken clouds,76,64,4.0,GB,2022-08-31 22:27:08
208,Fort Nelson,58.8053,-122.7002,54.99,light rain,88,100,5.75,CA,2022-08-31 22:27:08
209,Waingapu,-9.6567,120.2641,74.61,scattered clouds,83,41,5.23,ID,2022-08-31 22:27:09
210,Cockburn Town,21.4612,-71.1419,83.41,clear sky,73,7,9.66,TC,2022-08-31 22:27:09
211,Tukrah,32.5341,20.5791,80.28,clear sky,69,10,11.83,LY,2022-08-31 22:27:09
212,Nagato,34.3833,131.2,75.56,overcast clouds,91,100,8.3,JP,2022-08-31 22:27:10
213,Daru,-9.0763,143.2092,78.58,broken clouds,90,54,12.26,PG,2022-08-31 22:27:10
214,San Jeronimo,-11.9472,-75.2829,58.57,overcast clouds,54,86,7.76,PE,2022-08-31 22:27:10
215,Coihaique,-45.5752,-72.0662,46.35,light intensity shower rain,66,100,4.61,CL,2022-08-31 22:25:12
216,La Cruz,23.9167,-106.9,84.4,overcast clouds,75,100,6.4,MX,2022-08-31 22:27:11
217,Vila Franca Do Campo,37.7167,-25.4333,77.2,overcast clouds,82,91,1.54,PT,2022-08-31 22:27:11
218,Ventspils,57.3894,21.5606,51.73,scattered clouds,87,40,1.14,LV,2022-08-31 22:27:11
219,Vila Velha,-20.3297,-40.2925,67.95,scattered clouds,79,40,6.91,BR,2022-08-31 22:27:12
220,Carbondale,37.7273,-89.2168,85.05,clear sky,45,0,6.91,US,2022-08-31 22:23:30
221,Vao,-22.6667,167.4833,71.08,overcast clouds,68,99,16.91,NC,2022-08-31 22:27:12
222,Aklavik,68.2191,-135.0107,66.22,broken clouds,42,70,2.59,CA,2022-08-31 22:27:12
223,Phetchabun,16.25,101.0833,73.67,heavy intensity rain,97,100,0.85,TH,2022-08-31 22:27:13
224,Kavaratti,10.5669,72.642,77.95,moderate rain,88,100,19.46,IN,2022-08-31 22:27:13
225,Mahebourg,-20.4081,57.7,65.25,few clouds,88,20,4.61,MU,2022-08-31 22:28:13
226,Shimoda,34.6667,138.95,81.07,light rain,86,18,10.38,JP,2022-08-31 22:28:14
227,Sao Caetano De Odivelas,-0.75,-48.02,76.51,scattered clouds,93,40,8.39,BR,2022-08-31 22:28:14
228,Buala,-8.145,159.5921,81.37,light rain,80,98,10.02,SB,2022-08-31 22:28:14
229,Sinnamary,5.3833,-52.95,79.43,broken clouds,87,71,9.06,GF,2022-08-31 22:28:14
230,Black River,18.0264,-77.8487,83.89,overcast clouds,73,100,8.37,JM,2022-08-31 22:28:15
231,Huilong,31.8111,121.655,75.92,light rain,74,97,11.27,CN,2022-08-31 22:28:15
232,Keti Bandar,24.1447,67.4497,81.05,clear sky,80,10,12.06,PK,2022-08-31 22:28:15
233,Pauini,-7.7136,-66.9764,88.25,scattered clouds,42,29,1.32,BR,2022-08-31 22:28:16
234,Kruisfontein,-34.0033,24.7314,53.89,clear sky,78,0,9.4,ZA,2022-08-31 22:28:16
235,Lavrentiya,65.5833,-171.0,44.78,light rain,99,100,9.51,RU,2022-08-31 22:24:00
236,Mangrol,21.1167,70.1167,80.06,overcast clouds,84,93,11.7,IN,2022-08-31 22:28:16
237,Fortuna,40.5982,-124.1573,69.93,clear sky,79,0,14.97,US,2022-08-31 22:28:17
238,Mazagao,-0.115,-51.2894,87.85,overcast clouds,65,88,6.35,BR,2022-08-31 22:28:17
239,Krasnogorskiy,54.6025,61.231,66.4,few clouds,53,18,7.4,RU,2022-08-31 22:28:17
240,Santa Pola,38.1917,-0.5658,84.16,clear sky,66,0,3.44,ES,2022-08-31 22:28:18
241,Byron Bay,-28.65,153.6167,62.94,broken clouds,84,53,7.63,AU,2022-08-31 22:28:18
242,Bathsheba,13.2167,-59.5167,83.01,few clouds,74,20,10.36,BB,2022-08-31 22:28:18
243,Meulaboh,4.1363,96.1285,75.58,moderate rain,89,100,5.17,ID,2022-08-31 22:28:19
244,Bansi,27.1833,82.9333,77.5,heavy intensity rain,96,100,7.07,IN,2022-08-31 22:28:19
245,Locri,38.2414,16.2623,73.31,overcast clouds,82,87,12.41,IT,2022-08-31 22:28:19
246,Shache,38.4167,77.2406,73.71,scattered clouds,47,47,7.09,CN,2022-08-31 22:28:20
247,Oktyabrskiy,54.4815,53.471,68.22,overcast clouds,41,90,7.09,RU,2022-08-31 22:28:20
248,Chardara,41.2547,67.9692,72.12,clear sky,27,0,10.33,KZ,2022-08-31 22:28:20
249,Leningradskiy,69.3833,178.4167,33.26,snow,99,100,13.71,RU,2022-08-31 22:28:21
250,Dubbo,-32.25,148.6167,53.73,broken clouds,87,83,8.05,AU,2022-08-31 22:28:21
251,Saint Anthony,45.0205,-93.218,90.34,clear sky,43,0,11.5,US,2022-08-31 22:23:57
252,Changde,29.0464,111.6783,69.98,broken clouds,74,78,1.68,CN,2022-08-31 22:28:21
253,Arlit,18.7369,7.3853,98.44,scattered clouds,16,34,8.95,NE,2022-08-31 22:28:21
254,Chokurdakh,70.6333,147.9167,42.31,overcast clouds,57,100,6.49,RU,2022-08-31 22:28:22
255,Deputatskiy,69.3,139.9,45.99,broken clouds,75,70,2.64,RU,2022-08-31 22:28:22
256,Praia Da Vitoria,38.7333,-27.0667,73.76,broken clouds,88,75,5.66,PT,2022-08-31 22:25:42
257,Coquimbo,-29.9533,-71.3436,53.33,overcast clouds,76,100,6.91,CL,2022-08-31 22:28:22
258,Bridlington,54.0831,-0.1919,59.9,few clouds,83,20,14.32,GB,2022-08-31 22:28:23
259,Bang Saphan,11.2126,99.5117,77.5,overcast clouds,89,100,2.89,TH,2022-08-31 22:28:23
260,Togur,58.3631,82.8265,53.58,overcast clouds,84,100,4.52,RU,2022-08-31 22:28:23
261,Provideniya,64.3833,-173.3,46.51,light intensity shower rain,100,100,11.18,RU,2022-08-31 22:28:24
262,Tacna,-18.0056,-70.2483,53.8,overcast clouds,76,100,6.91,PE,2022-08-31 22:28:24
263,Sokoto,13.0609,5.239,80.74,light rain,71,98,9.48,NG,2022-08-31 22:28:24
264,Verkhniy Mamon,50.1635,40.3832,68.0,scattered clouds,50,47,6.31,RU,2022-08-31 22:28:25
265,Portland,45.5234,-122.6762,94.66,clear sky,39,0,5.75,US,2022-08-31 22:26:54
266,Almunecar,36.7339,-3.6907,82.69,broken clouds,59,60,7.09,ES,2022-08-31 22:28:25
267,Liwale,-9.7667,37.9333,70.56,light rain,71,66,3.71,TZ,2022-08-31 22:29:25
268,Gorey,52.6747,-6.2925,58.48,broken clouds,91,84,11.63,IE,2022-08-31 22:29:26
269,Beringovskiy,63.05,179.3167,45.91,moderate rain,91,100,19.01,RU,2022-08-31 22:29:26
270,Kendari,-3.945,122.4989,72.39,broken clouds,96,64,4.34,ID,2022-08-31 22:29:26
271,Mandera,3.9366,41.867,77.56,scattered clouds,55,43,20.42,KE,2022-08-31 22:29:27
272,Taldan,53.6667,124.8,39.24,broken clouds,77,56,3.49,RU,2022-08-31 22:29:27
273,Champerico,14.3,-91.9167,81.14,overcast clouds,76,99,7.81,GT,2022-08-31 22:29:27
274,San Cristobal,7.7669,-72.225,80.78,scattered clouds,69,41,3.96,VE,2022-08-31 22:29:28
275,Tambacounda,13.7539,-13.7586,73.51,moderate rain,97,100,4.38,SN,2022-08-31 22:29:28
276,Bonavista,48.6499,-53.1147,67.44,overcast clouds,69,96,12.53,CA,2022-08-31 22:29:28
277,Sistranda,63.7256,8.834,48.16,overcast clouds,65,89,9.15,NO,2022-08-31 22:29:29
278,Port Lincoln,-34.7333,135.8667,50.32,scattered clouds,77,41,7.02,AU,2022-08-31 22:29:29
279,Methoni,36.8197,21.7049,76.21,clear sky,76,0,13.22,GR,2022-08-31 22:29:29
280,Kholodnyy,62.7167,147.95,53.13,scattered clouds,67,44,5.3,RU,2022-08-31 22:29:30
281,Havre-Saint-Pierre,50.2334,-63.5986,62.96,mist,94,100,8.05,CA,2022-08-31 22:29:30
282,Dzaoudzi,-12.7887,45.2699,75.09,broken clouds,78,75,21.85,YT,2022-08-31 22:29:30
283,Khash,28.2211,61.2158,72.05,clear sky,13,0,4.03,IR,2022-08-31 22:29:31
284,Maloy,61.9353,5.1136,56.93,clear sky,1,10,1.83,NO,2022-08-31 22:29:31
285,Gewane,10.1664,40.6453,81.0,light rain,53,10,10.11,ET,2022-08-31 22:29:31
286,Bambous Virieux,-20.3428,57.7575,62.85,few clouds,88,20,4.61,MU,2022-08-31 22:29:31
287,Sidney,-33.8679,151.2073,60.48,broken clouds,91,75,1.99,AU,2022-08-31 22:25:04
288,Sao Mateus,-18.7161,-39.8589,65.55,broken clouds,66,62,7.36,BR,2022-08-31 22:29:32
289,Guanica,17.9716,-66.908,84.06,broken clouds,88,66,2.82,PR,2022-08-31 22:29:32
290,Devils Lake,48.1128,-98.8651,87.94,clear sky,33,0,11.5,US,2022-08-31 22:29:32
291,Tasiilaq,65.6145,-37.6368,39.36,overcast clouds,97,98,8.19,GL,2022-08-31 22:29:33
292,Bow Island,49.8668,-111.3684,94.26,clear sky,21,0,4.61,CA,2022-08-31 22:29:33
293,Bandarbeyla,9.4942,50.8122,76.19,overcast clouds,83,99,23.31,SO,2022-08-31 22:29:33
294,Dingle,10.9995,122.6711,76.23,overcast clouds,91,100,3.87,PH,2022-08-31 22:28:42
295,Dunedin,-45.8742,170.5036,55.8,scattered clouds,80,50,5.75,NZ,2022-08-31 22:29:34
296,Coahuayana,18.7333,-103.6833,88.54,overcast clouds,66,97,10.38,MX,2022-08-31 22:25:04
297,Cizre,37.3272,42.1903,91.56,clear sky,13,1,4.99,TR,2022-08-31 22:29:34
298,San Patricio,28.017,-97.5169,89.55,overcast clouds,54,100,11.54,US,2022-08-31 22:29:34
299,Sao Joao Da Barra,-21.6403,-41.0511,65.62,few clouds,63,11,10.58,BR,2022-08-31 22:29:35
300,Marawi,7.9986,124.2928,68.88,overcast clouds,93,100,4.65,PH,2022-08-31 22:29:35
301,George Town,5.4112,100.3354,82.33,few clouds,93,20,5.75,MY,2022-08-31 22:26:21
302,Nanakuli,21.3906,-158.1547,87.75,broken clouds,50,75,13.8,US,2022-08-31 22:29:35
303,Rio Grande,-32.035,-52.0986,58.95,scattered clouds,80,25,12.06,BR,2022-08-31 22:29:36
304,Grants Pass,42.439,-123.3284,100.81,clear sky,15,0,8.05,US,2022-08-31 22:29:36
305,Guthrie,35.8789,-97.4253,94.89,clear sky,38,0,6.91,US,2022-08-31 22:29:36
306,Doha,25.2867,51.5333,89.58,clear sky,74,0,2.3,QA,2022-08-31 22:28:34
307,Vostok,46.4856,135.8833,56.55,clear sky,80,0,3.04,RU,2022-08-31 22:29:37
308,Hasaki,35.7333,140.8333,82.8,scattered clouds,85,32,20.87,JP,2022-08-31 22:29:37
309,Yauya,-8.9833,-77.3,61.36,broken clouds,40,65,8.72,PE,2022-08-31 22:29:37
310,Batabano,22.7164,-82.2881,86.61,clear sky,70,3,8.5,CU,2022-08-31 22:30:37
311,Buchanan,5.8808,-10.0467,75.61,light rain,88,100,9.66,LR,2022-08-31 22:30:38
312,Kozhva,65.1073,57.0459,37.56,broken clouds,83,72,6.46,RU,2022-08-31 22:30:38
313,Batticaloa,7.7102,81.6924,75.34,overcast clouds,93,100,6.58,LK,2022-08-31 22:30:38
314,Bitkine,11.9801,18.2138,69.03,heavy intensity rain,93,100,26.35,TD,2022-08-31 22:30:39
315,Owase,34.0667,136.2,83.17,overcast clouds,79,100,4.34,JP,2022-08-31 22:30:39
316,Olafsvik,64.8945,-23.7142,47.16,overcast clouds,79,95,8.55,IS,2022-08-31 22:30:39
317,Benoy,8.9833,16.3199,72.64,moderate rain,96,77,4.16,TD,2022-08-31 22:30:40
318,Kemijarvi,66.7131,27.4306,40.1,overcast clouds,91,95,8.37,FI,2022-08-31 22:30:40
319,Formosa Do Rio Preto,-11.0483,-45.1931,73.9,clear sky,35,0,4.79,BR,2022-08-31 22:30:40
320,Beloha,-25.1667,45.05,61.3,overcast clouds,52,93,11.23,MG,2022-08-31 22:30:41
321,Yulara,-25.2406,130.9889,52.83,overcast clouds,86,100,9.42,AU,2022-08-31 22:30:41
322,Plettenberg Bay,-34.0527,23.3716,55.44,clear sky,49,0,6.98,ZA,2022-08-31 22:30:41
323,Lucapa,-8.4192,20.7447,69.91,overcast clouds,77,100,2.77,AO,2022-08-31 22:30:42
324,Ayagoz,47.9714,80.4392,58.6,clear sky,34,4,3.74,KZ,2022-08-31 22:30:42
325,Ponta Delgada,37.7333,-25.6667,77.5,broken clouds,83,75,4.61,PT,2022-08-31 22:30:42
326,Porto Santo,33.072,-16.3415,71.98,scattered clouds,73,40,9.22,PT,2022-08-31 22:30:42
327,Yambio,4.5721,28.3955,67.71,overcast clouds,97,100,1.07,SS,2022-08-31 22:30:43
328,Mouila,-1.8685,11.0559,75.29,broken clouds,78,80,3.94,GA,2022-08-31 22:30:43
329,Kedrovyy,56.1667,91.8167,57.87,light rain,99,100,6.73,RU,2022-08-31 22:30:43
330,Svetlaya,46.5389,138.3297,63.64,clear sky,68,2,1.34,RU,2022-08-31 22:30:44
331,Homer,59.6425,-151.5483,57.09,light rain,70,100,12.66,US,2022-08-31 22:30:44
332,Katherine,-14.4667,132.2667,73.72,clear sky,73,1,8.05,AU,2022-08-31 22:30:44
333,Gold Coast,-28.0,153.4333,66.78,scattered clouds,77,33,10.36,AU,2022-08-31 22:30:26
334,Ukiah,39.1502,-123.2078,102.43,clear sky,17,0,6.91,US,2022-08-31 22:30:12
335,Laviana,43.2333,-5.5333,68.7,broken clouds,95,76,1.23,ES,2022-08-31 22:30:45
336,Urumqi,43.801,87.6005,65.35,clear sky,40,0,4.47,CN,2022-08-31 22:30:45
337,Northam,51.0333,-4.2167,66.38,overcast clouds,73,100,15.23,GB,2022-08-31 22:30:45
338,Manati,18.4275,-66.4921,84.06,broken clouds,84,72,7.45,PR,2022-08-31 22:30:46
339,Hami,42.8,93.45,71.37,overcast clouds,29,95,6.96,CN,2022-08-31 22:30:46
340,Itupiranga,-5.1347,-49.3267,84.52,clear sky,40,7,3.33,BR,2022-08-31 22:30:46
341,Oktyabrskoye,43.0645,44.7417,64.54,clear sky,82,0,4.47,RU,2022-08-31 22:30:46
342,Aleksandrovsk-Sakhalinskiy,50.8975,142.1561,66.04,clear sky,65,1,4.47,RU,2022-08-31 22:30:47
343,Tommot,58.9564,126.2925,44.28,scattered clouds,67,35,3.31,RU,2022-08-31 22:30:47
344,Vila,42.0304,-8.1588,56.7,overcast clouds,82,100,0.36,PT,2022-08-31 22:30:47
345,Torbay,47.6666,-52.7314,74.17,few clouds,85,20,6.91,CA,2022-08-31 22:30:48
346,Linda,39.1277,-121.5508,105.94,clear sky,25,0,8.05,US,2022-08-31 22:30:48
347,San Vicente,-26.6167,-54.1333,56.84,clear sky,70,1,3.49,AR,2022-08-31 22:30:48
348,Caxito,-8.5785,13.6643,69.4,few clouds,90,13,2.73,AO,2022-08-31 22:30:48
349,Hirara,24.8,125.2833,84.06,light intensity shower rain,94,75,28.77,JP,2022-08-31 22:30:49
350,Chauk,20.8833,94.8167,81.18,overcast clouds,78,99,7.81,MM,2022-08-31 22:30:49
351,Santa Isabel Do Rio Negro,-0.4139,-65.0192,79.12,overcast clouds,78,90,0.31,BR,2022-08-31 22:30:49
352,Kahului,20.8947,-156.47,86.02,scattered clouds,60,40,18.41,US,2022-08-31 22:30:50
353,Waterloo,43.4668,-80.5164,75.78,few clouds,60,20,19.57,CA,2022-08-31 22:28:41
354,Krasavino,60.9614,46.4814,50.49,overcast clouds,97,100,9.35,RU,2022-08-31 22:30:50
355,Wajima,37.4,136.9,74.5,heavy intensity rain,95,100,11.68,JP,2022-08-31 22:30:50
356,Kungurtug,50.5994,97.5228,44.06,scattered clouds,78,48,1.97,RU,2022-08-31 22:30:51
357,Honolulu,21.3069,-157.8583,87.62,scattered clouds,55,40,14.97,US,2022-08-31 22:28:51
358,Belaya Gora,68.5333,146.4167,50.49,broken clouds,43,63,5.64,RU,2022-08-31 22:31:51
359,Liberal,37.0431,-100.921,88.84,few clouds,35,20,10.36,US,2022-08-31 22:30:08
360,Kodiak,57.79,-152.4072,56.71,light rain,88,100,0.0,US,2022-08-31 22:29:16
361,Visby,57.6409,18.296,50.22,scattered clouds,87,31,8.05,SE,2022-08-31 22:31:51
362,Funadhoo,6.15,73.2667,77.49,overcast clouds,86,100,18.66,MV,2022-08-31 22:31:52
363,Tabuk,17.4189,121.4443,76.14,overcast clouds,88,94,1.01,PH,2022-08-31 22:31:52
364,Seaside,36.6111,-121.8516,81.52,clear sky,75,0,11.5,US,2022-08-31 22:31:52
365,Linay,8.5167,123.1333,78.98,overcast clouds,84,100,4.32,PH,2022-08-31 22:31:53
366,Kozhevnikovo,56.2589,83.9714,56.25,light rain,95,99,2.71,RU,2022-08-31 22:31:53
367,Pisco,-13.7,-76.2167,62.65,clear sky,72,0,18.41,PE,2022-08-31 22:31:53
368,Sangar,63.9242,127.4739,42.49,overcast clouds,89,89,7.9,RU,2022-08-31 22:31:54
369,Prince Rupert,54.3161,-130.3201,60.49,overcast clouds,90,100,11.5,CA,2022-08-31 22:31:54
370,Aykhal,66.0,111.5,36.21,overcast clouds,97,100,5.37,RU,2022-08-31 22:31:54
371,Karratha,-20.7377,116.8463,70.2,scattered clouds,54,26,7.99,AU,2022-08-31 22:31:54
372,Banyo,6.75,11.8167,64.83,light rain,96,99,2.57,CM,2022-08-31 22:31:55
373,Hokitika,-42.7167,170.9667,52.84,moderate rain,92,100,5.73,NZ,2022-08-31 22:31:55
374,Wakkanai,45.4094,141.6739,64.2,overcast clouds,91,100,10.89,JP,2022-08-31 22:31:55
375,Shambu,9.5667,37.1,50.77,light rain,92,74,2.13,ET,2022-08-31 22:31:56
376,Kachug,53.9606,105.8817,50.22,few clouds,71,19,4.47,RU,2022-08-31 22:31:56
377,Mersing,2.4312,103.8405,75.11,scattered clouds,94,40,5.75,MY,2022-08-31 22:31:56
378,Imeni Poliny Osipenko,52.4201,136.4853,59.02,scattered clouds,88,44,7.94,RU,2022-08-31 22:31:57
379,Horana,6.7166,80.0619,74.82,light rain,93,100,5.48,LK,2022-08-31 22:31:57
380,Verkhnyaya Inta,65.9811,60.3094,33.35,scattered clouds,87,31,0.45,RU,2022-08-31 22:31:57
381,Sur,22.5667,59.5289,84.36,clear sky,60,1,7.27,OM,2022-08-31 22:31:57
382,Hervey Bay,-25.2986,152.8535,64.02,scattered clouds,96,46,4.0,AU,2022-08-31 22:31:58
383,Kuusamo,65.9667,29.1833,41.04,clear sky,75,0,6.91,FI,2022-08-31 22:31:58
384,Celestun,20.8667,-90.4,84.56,broken clouds,70,63,14.63,MX,2022-08-31 22:31:58
385,Puerto Carreno,6.189,-67.4859,78.78,broken clouds,89,75,8.05,CO,2022-08-31 22:31:59
386,Tucuman,-26.8241,-65.2226,69.8,smoke,28,0,8.05,AR,2022-08-31 22:31:59
387,Sao Jose Da Coroa Grande,-8.8978,-35.1478,73.45,overcast clouds,79,86,11.43,BR,2022-08-31 22:31:59
388,Heihe,50.2441,127.4902,45.18,scattered clouds,56,48,12.62,CN,2022-08-31 22:32:00
389,Lata,40.1629,-8.3327,65.8,clear sky,97,6,1.77,PT,2022-08-31 22:32:00
390,Parabel,58.6978,81.4825,54.07,overcast clouds,76,100,6.24,RU,2022-08-31 22:32:00
391,Vuktyl,63.8567,57.3094,39.67,overcast clouds,82,98,4.56,RU,2022-08-31 22:32:01
392,Rambha,19.5167,85.1,82.06,overcast clouds,81,98,5.95,IN,2022-08-31 22:32:01
393,Cedral,23.8,-100.7333,82.31,overcast clouds,29,99,15.77,MX,2022-08-31 22:32:01
394,Chiang Klang,19.2938,100.8617,73.99,overcast clouds,99,100,1.52,TH,2022-08-31 22:32:02
395,Sibu,2.3,111.8167,73.71,scattered clouds,94,40,5.01,MY,2022-08-31 22:32:02
396,Labuhan,-6.8844,112.2051,76.57,scattered clouds,87,49,7.18,ID,2022-08-31 22:32:02
397,Killybegs,54.6333,-8.45,55.33,clear sky,78,0,6.76,IE,2022-08-31 22:32:02
398,Turayf,31.6725,38.6637,86.25,clear sky,19,0,9.22,SA,2022-08-31 22:32:03
399,Zhangzhou,24.5133,117.6556,84.13,overcast clouds,91,100,1.81,CN,2022-08-31 22:32:03
400,Gimli,50.6336,-96.9907,82.42,clear sky,47,2,8.05,CA,2022-08-31 22:32:03
401,Amapa,1.0,-52.0,73.09,overcast clouds,90,97,2.21,BR,2022-08-31 22:32:04
402,Asau,46.4333,26.4,65.32,light rain,87,97,3.09,RO,2022-08-31 22:33:04
403,Cibitoke,-2.8833,29.25,63.41,overcast clouds,87,100,2.62,BI,2022-08-31 22:33:04
404,Laguna,38.421,-121.4238,102.09,clear sky,22,0,6.91,US,2022-08-31 22:33:05
405,Simpang,-1.2667,104.0833,73.44,scattered clouds,98,29,2.68,ID,2022-08-31 22:33:05
406,Tutoia,-2.7619,-42.2744,78.55,clear sky,80,5,10.56,BR,2022-08-31 22:33:05
407,Taksimo,56.3444,114.8794,41.72,light rain,90,99,2.3,RU,2022-08-31 22:33:05
408,Santa Lucia,27.9117,-15.5407,67.32,few clouds,83,20,21.85,ES,2022-08-31 22:30:13
409,Belle Fourche,44.6714,-103.8522,95.05,clear sky,15,8,6.69,US,2022-08-31 22:33:06
410,Nemuro,43.3236,145.575,62.76,overcast clouds,94,100,10.69,JP,2022-08-31 22:33:06
411,East London,-33.0153,27.9116,56.8,clear sky,69,0,16.8,ZA,2022-08-31 22:33:07
412,Tapejara,-28.0681,-52.0139,52.72,clear sky,80,0,4.74,BR,2022-08-31 22:33:07
413,Nalut,30.3333,10.85,82.71,clear sky,21,0,10.78,LY,2022-08-31 22:33:07
414,Revda,56.801,59.9303,55.22,broken clouds,97,75,2.48,RU,2022-08-31 22:33:08
415,Taltal,-25.4,-70.4833,55.44,few clouds,83,17,4.16,CL,2022-08-31 22:33:08
416,Sisimiut,66.9395,-53.6735,35.33,broken clouds,89,84,11.3,GL,2022-08-31 22:31:10
417,Umm Lajj,25.0213,37.2685,89.94,clear sky,44,2,4.56,SA,2022-08-31 22:33:08
418,Kuminskiy,58.6667,66.5667,50.67,overcast clouds,96,100,8.01,RU,2022-08-31 22:33:09
419,Steamboat Springs,40.485,-106.8317,89.35,clear sky,13,0,16.11,US,2022-08-31 22:29:38
420,Mabopane,-25.4977,28.1007,58.66,clear sky,54,3,11.83,ZA,2022-08-31 22:33:09
421,South Lake Tahoe,38.9332,-119.9844,90.63,clear sky,18,0,8.01,US,2022-08-31 22:29:49
422,Atar,20.5169,-13.0499,87.94,light rain,54,62,7.29,MR,2022-08-31 22:33:09
423,Katsuura,35.1333,140.3,81.55,clear sky,84,7,18.59,JP,2022-08-31 22:28:18
424,Boda,4.3189,17.4695,69.28,light rain,97,100,1.81,CF,2022-08-31 22:33:10
425,Isangel,-19.55,169.2667,78.91,scattered clouds,65,40,9.22,VU,2022-08-31 22:33:10
426,Tautira,-17.7333,-149.15,76.96,light rain,74,22,16.33,PF,2022-08-31 22:33:10
427,Bangaon,23.0667,88.8167,79.9,overcast clouds,90,99,6.29,IN,2022-08-31 22:33:11
428,Mahanoro,-19.9,48.8,66.47,light rain,93,10,7.38,MG,2022-08-31 22:33:11
429,Domoni,-12.2569,44.5319,74.16,scattered clouds,79,46,18.72,KM,2022-08-31 22:33:11
430,Suez,29.9737,32.5263,76.14,clear sky,80,0,9.98,EG,2022-08-31 22:33:12
431,Irbeyskoye,55.6428,95.4522,57.54,light rain,94,100,11.97,RU,2022-08-31 22:33:12
432,Maragogi,-9.0122,-35.2225,73.11,broken clouds,80,82,10.8,BR,2022-08-31 22:33:12
433,Kobelyaky,49.1489,34.1965,64.08,overcast clouds,61,100,8.86,UA,2022-08-31 22:33:13
434,Luderitz,-26.6481,15.1594,56.03,clear sky,83,5,3.42,NA,2022-08-31 22:33:13
435,Umm Kaddadah,13.6017,26.6876,78.73,few clouds,64,20,15.32,SD,2022-08-31 22:33:13
436,Nchelenge,-9.3451,28.734,79.07,broken clouds,39,83,10.33,ZM,2022-08-31 22:33:14
437,Pasaquina,13.5844,-87.8411,86.45,overcast clouds,89,90,2.55,SV,2022-08-31 22:33:14
438,Geraldton,-28.7667,114.6,48.61,clear sky,76,2,6.91,AU,2022-08-31 22:33:02
439,Murgab,37.4966,61.9714,71.47,clear sky,43,0,4.61,TM,2022-08-31 22:33:14
440,Biryusinsk,55.9634,97.8235,56.95,moderate rain,97,100,6.98,RU,2022-08-31 22:33:14
441,Anloga,5.7947,0.8973,75.31,scattered clouds,90,45,12.48,GH,2022-08-31 22:33:15
442,Kalianget,-7.05,113.9333,80.11,broken clouds,80,74,8.68,ID,2022-08-31 22:33:15
443,Kabakovo,54.5369,56.1517,64.69,clear sky,68,0,2.24,RU,2022-08-31 22:33:15
444,Kantang,7.4054,99.5156,76.28,overcast clouds,93,100,2.26,TH,2022-08-31 22:33:16
445,Port Said,31.2565,32.2841,80.58,scattered clouds,83,40,6.91,EG,2022-08-31 22:33:16
446,Ammon,43.4696,-111.9666,96.85,clear sky,16,0,3.44,US,2022-08-31 22:34:16
447,Cayenne,4.9333,-52.3333,78.84,clear sky,83,0,4.61,GF,2022-08-31 22:30:08
448,Kerema,-7.9631,145.7785,80.96,broken clouds,81,84,5.35,PG,2022-08-31 22:34:17
449,Alamosa,37.4695,-105.87,80.58,clear sky,22,2,3.44,US,2022-08-31 22:34:17
450,Jinchang,38.4953,102.1739,62.82,clear sky,54,8,3.15,CN,2022-08-31 22:34:17
451,Port-Cartier,50.0334,-66.8654,64.62,overcast clouds,100,100,3.27,CA,2022-08-31 22:34:18
452,Pandamatenga,-18.5278,25.627,63.3,clear sky,47,1,12.15,BW,2022-08-31 22:34:18
453,Strezhevoy,60.7333,77.5889,43.84,heavy intensity rain,96,100,7.47,RU,2022-08-31 22:32:07
454,Isla Mujeres,21.2311,-86.731,82.45,broken clouds,72,81,10.45,MX,2022-08-31 22:34:18
455,Wagar,16.1525,36.2032,85.48,overcast clouds,62,97,15.14,SD,2022-08-31 22:34:19
456,Nichinan,31.6,131.3667,80.28,light rain,82,69,3.24,JP,2022-08-31 22:34:19
457,Semey,50.4111,80.2275,52.02,clear sky,62,0,2.24,KZ,2022-08-31 22:34:19
458,Rudnaya Pristan,44.3614,135.8116,64.94,clear sky,69,0,1.45,RU,2022-08-31 22:34:20
459,Puerto Asis,0.5133,-76.5007,76.24,broken clouds,77,59,0.22,CO,2022-08-31 22:34:20
460,Kohima,25.6667,94.1167,63.7,overcast clouds,94,98,1.83,IN,2022-08-31 22:34:20
461,Mount Isa,-20.7333,139.5,69.57,broken clouds,60,74,8.05,AU,2022-08-31 22:34:20
462,Guerrero Negro,27.9769,-114.0611,79.38,few clouds,65,12,15.97,MX,2022-08-31 22:34:21
463,Lasa,46.6166,10.7002,61.68,overcast clouds,91,94,4.56,IT,2022-08-31 22:34:21
464,Terrak,65.087,12.3715,49.87,broken clouds,86,72,3.27,NO,2022-08-31 22:34:21
465,Katobu,-4.9408,122.5276,75.7,scattered clouds,90,29,2.68,ID,2022-08-31 22:34:22
466,Lagoa,39.05,-27.9833,71.58,broken clouds,76,66,8.01,PT,2022-08-31 22:34:22
467,Grand Gaube,-20.0064,57.6608,63.0,clear sky,72,9,3.91,MU,2022-08-31 22:34:22
468,Okha,53.5739,142.9478,62.67,clear sky,74,0,11.68,RU,2022-08-31 22:34:23
469,Stantsionno-Oyashinskiy,55.4664,83.8245,57.16,overcast clouds,78,97,8.46,RU,2022-08-31 22:34:23
470,Ranong,9.9658,98.6348,77.43,broken clouds,91,79,0.98,TH,2022-08-31 22:34:23
471,Soe,-9.8607,124.284,69.21,broken clouds,73,60,3.62,ID,2022-08-31 22:34:23
472,Hongjiang,27.11,109.9956,70.21,overcast clouds,76,100,2.3,CN,2022-08-31 22:34:24
473,Cozumel,20.5083,-86.9458,86.07,broken clouds,77,75,10.36,MX,2022-08-31 22:34:24
474,Kailua,21.4022,-157.7394,87.78,few clouds,63,20,11.5,US,2022-08-31 22:34:24
475,Jacmel,18.2342,-72.5347,85.84,overcast clouds,81,98,1.21,HT,2022-08-31 22:34:25
476,Wanaka,-44.7,169.15,53.11,light rain,82,97,5.99,NZ,2022-08-31 22:30:52
477,Comodoro Rivadavia,-45.8667,-67.5,60.66,clear sky,25,0,8.05,AR,2022-08-31 22:34:25
478,Viedma,-40.8135,-62.9967,51.78,overcast clouds,52,93,7.67,AR,2022-08-31 22:34:25
479,Tanout,14.9709,8.8879,83.19,broken clouds,51,63,11.43,NE,2022-08-31 22:34:26
480,Sibolga,1.7427,98.7792,75.42,overcast clouds,88,88,3.71,ID,2022-08-31 22:34:26
481,Bereslavka,48.6254,44.0449,72.37,few clouds,35,15,6.6,RU,2022-08-31 22:34:26
482,Cidreira,-30.1811,-50.2056,61.07,clear sky,80,0,19.51,BR,2022-08-31 22:34:26
483,Novo Aripuana,-5.1206,-60.3797,84.33,scattered clouds,36,46,2.82,BR,2022-08-31 22:34:27
484,Itoman,26.1247,127.6694,84.97,shower rain,82,75,16.11,JP,2022-08-31 22:34:27
485,Kieta,-6.2167,155.6333,81.01,light rain,79,85,2.42,PG,2022-08-31 22:29:32
486,Pangkalanbuun,-2.6833,111.6167,73.58,broken clouds,97,71,2.28,ID,2022-08-31 22:34:27
487,Pulandian,39.3953,121.9669,64.24,clear sky,80,0,7.85,CN,2022-08-31 22:34:28
488,Waipawa,-41.4122,175.5153,55.51,scattered clouds,72,25,15.37,NZ,2022-08-31 22:34:28
489,Vrangel,42.7297,133.0839,66.02,clear sky,84,1,5.55,RU,2022-08-31 22:34:28
490,Gat,31.61,34.7642,81.81,clear sky,100,5,3.78,IL,2022-08-31 22:34:29
491,Port Blair,11.6667,92.75,81.27,overcast clouds,82,99,5.97,IN,2022-08-31 22:34:29
492,Nome,64.5011,-165.4064,50.16,mist,93,100,10.36,US,2022-08-31 22:34:29
493,Tupik,54.4253,119.9327,42.3,scattered clouds,63,34,5.5,RU,2022-08-31 22:34:30
494,Hearst,49.6835,-83.6665,52.05,overcast clouds,60,99,9.35,CA,2022-08-31 22:33:02
495,Fairbanks,64.8378,-147.7164,64.6,scattered clouds,60,40,6.91,US,2022-08-31 22:33:51
496,Tessalit,20.1986,1.0114,92.59,broken clouds,12,84,9.15,ML,2022-08-31 22:35:30
497,Alta Floresta,-9.8756,-56.0861,84.7,few clouds,23,19,3.67,BR,2022-08-31 22:35:30
498,Sharjah,25.3573,55.4033,89.58,clear sky,74,0,5.75,AE,2022-08-31 22:34:36
499,Sholokhovskiy,48.2807,41.0459,75.45,broken clouds,43,65,6.69,RU,2022-08-31 22:35:31
500,Husavik,66.0449,-17.3389,53.98,overcast clouds,75,95,11.63,IS,2022-08-31 22:35:31
501,Lac Du Bonnet,50.2536,-96.0612,83.34,clear sky,42,1,8.95,CA,2022-08-31 22:30:52
502,Shihezi,44.3,86.0333,70.88,clear sky,28,5,6.17,CN,2022-08-31 22:35:31
503,Aitape,-3.1374,142.3475,81.81,broken clouds,76,63,3.8,PG,2022-08-31 22:35:32
504,Antalaha,-14.9003,50.2788,64.13,clear sky,89,6,3.65,MG,2022-08-31 22:35:32
505,Takoradi,4.8845,-1.7554,73.78,light rain,94,73,9.4,GH,2022-08-31 22:35:32
506,Azul,-36.777,-59.8585,56.77,overcast clouds,74,100,4.45,AR,2022-08-31 22:35:33
507,Aswan,24.0934,32.907,92.5,clear sky,24,0,8.05,EG,2022-08-31 22:35:33
508,Nizwa,22.9333,57.5333,82.65,clear sky,44,8,2.55,OM,2022-08-31 22:35:33
509,Vanavara,60.34,102.2797,42.21,broken clouds,93,74,11.07,RU,2022-08-31 22:35:33
510,Ginda,30.6945,78.4932,62.78,few clouds,90,15,2.73,IN,2022-08-31 22:35:34
511,Talaya,61.3833,152.75,60.69,broken clouds,49,61,9.82,RU,2022-08-31 22:35:34
512,Tambura,5.6,27.4667,66.9,overcast clouds,98,100,2.57,SS,2022-08-31 22:35:34
513,Tokur,53.1333,132.9,47.98,overcast clouds,87,86,2.48,RU,2022-08-31 22:35:35
514,Cullinan,-25.6709,28.5236,55.81,clear sky,63,4,8.01,ZA,2022-08-31 22:35:35
515,Axim,4.8699,-2.2405,74.26,light rain,92,78,9.37,GH,2022-08-31 22:35:35
516,Clinton,42.587,-82.9199,82.72,few clouds,51,20,16.11,US,2022-08-31 22:35:36
517,Ferrol,43.4832,-8.2369,64.92,scattered clouds,89,47,5.99,ES,2022-08-31 22:35:36
518,Chichimila,20.6167,-88.2167,82.38,overcast clouds,69,98,4.23,MX,2022-08-31 22:35:36
519,Oksfjord,70.2396,22.3479,43.0,light rain,78,96,4.07,NO,2022-08-31 22:35:36
520,Mancio Lima,-7.6142,-72.8958,87.87,scattered clouds,58,39,3.44,BR,2022-08-31 22:35:37
521,Kilembe,0.2,30.0,60.35,light rain,88,100,3.96,UG,2022-08-31 22:35:37
522,Sturgeon Falls,46.3646,-79.9326,66.88,scattered clouds,57,49,15.21,CA,2022-08-31 22:35:37
523,Dolores,-36.3132,-57.6792,53.06,overcast clouds,88,100,7.38,AR,2022-08-31 22:35:38
524,Wenatchee,47.4235,-120.3103,101.41,clear sky,21,0,8.05,US,2022-08-31 22:34:05
525,Mangai,-4.05,19.5333,75.58,broken clouds,73,61,1.01,CD,2022-08-31 22:35:38
526,Songea,-10.6833,35.65,58.05,clear sky,69,1,4.03,TZ,2022-08-31 22:35:38
527,Tecoanapa,16.5167,-98.75,85.23,scattered clouds,68,25,9.19,MX,2022-08-31 22:35:39
528,Georgiyevskoye,58.731,45.024,53.24,broken clouds,87,71,9.15,RU,2022-08-31 22:35:39
529,Nhulunbuy,-12.2333,136.7667,77.61,scattered clouds,88,47,8.05,AU,2022-08-31 22:35:39
530,Vaitape,-16.5167,-151.75,78.67,scattered clouds,62,30,18.81,PF,2022-08-31 22:35:40
531,Krasnoselkup,65.7,82.4667,36.18,broken clouds,94,84,9.82,RU,2022-08-31 22:35:40
532,Marsa Matruh,31.3525,27.2453,77.14,clear sky,74,0,7.43,EG,2022-08-31 22:30:48
533,Lebork,54.5392,17.7501,53.15,few clouds,92,11,3.51,PL,2022-08-31 22:35:40
534,Nuuk,64.1835,-51.7216,43.41,few clouds,65,20,9.22,GL,2022-08-31 22:35:40
535,Canoas,-29.9178,-51.1836,64.85,clear sky,75,0,5.75,BR,2022-08-31 22:35:41
536,Muisne,0.6,-80.0333,75.11,broken clouds,81,79,9.57,EC,2022-08-31 22:35:41
537,Lethem,3.3803,-59.7968,78.33,broken clouds,81,77,1.05,GY,2022-08-31 22:35:41
538,Padang,-0.9492,100.3543,77.25,broken clouds,84,73,3.96,ID,2022-08-31 22:35:42
539,Trairi,-3.2778,-39.2689,77.94,clear sky,75,9,13.65,BR,2022-08-31 22:32:17
540,Le Port,-20.9373,55.2919,68.25,clear sky,67,6,5.46,RE,2022-08-31 22:36:42
541,Puri,19.8,85.85,81.12,overcast clouds,76,94,9.8,IN,2022-08-31 22:36:42
542,Whitehorse,60.7161,-135.0538,63.1,scattered clouds,42,40,10.36,CA,2022-08-31 22:36:43
543,Kamiiso,41.8167,140.65,68.38,broken clouds,100,75,4.61,JP,2022-08-31 22:36:43
544,Barreirinhas,-2.7469,-42.8264,78.6,scattered clouds,79,34,7.9,BR,2022-08-31 22:36:43
545,Masuguru,-11.3667,38.4167,75.07,broken clouds,49,77,7.31,TZ,2022-08-31 22:36:44
546,Grong,64.4654,12.3149,44.85,scattered clouds,92,50,0.89,NO,2022-08-31 22:36:44
547,Presidente Franco,-25.5333,-54.6167,72.12,clear sky,73,0,2.3,PY,2022-08-31 22:36:44
548,Ponazyrevo,58.3578,46.3142,56.59,overcast clouds,96,95,7.78,RU,2022-08-31 22:36:45
549,San Quintin,30.4833,-115.95,76.75,clear sky,70,4,12.03,MX,2022-08-31 22:36:45
550,Nova Olimpia,-14.7972,-57.2881,84.94,clear sky,23,4,3.31,BR,2022-08-31 22:36:45
551,Zhigansk,66.7697,123.3711,42.91,overcast clouds,80,100,11.1,RU,2022-08-31 22:36:45
552,Susanville,40.4163,-120.653,93.9,clear sky,13,0,11.99,US,2022-08-31 22:36:46
553,Decatur,39.8403,-88.9548,82.15,clear sky,54,0,3.44,US,2022-08-31 22:36:46
554,Floro,61.5996,5.0328,57.16,few clouds,88,11,5.75,NO,2022-08-31 22:36:46
555,Calama,-22.4667,-68.9333,66.69,clear sky,6,0,17.27,CL,2022-08-31 22:36:47
556,Punta Gorda,26.9298,-82.0454,91.99,scattered clouds,66,40,8.99,US,2022-08-31 22:36:36
557,Soyo,-6.1349,12.3689,72.45,scattered clouds,87,45,8.21,AO,2022-08-31 22:36:47
558,Matara,5.9485,80.5353,75.79,overcast clouds,90,99,11.21,LK,2022-08-31 22:36:47
559,Shumskiy,54.8318,99.1328,56.88,light rain,78,68,3.78,RU,2022-08-31 22:36:47
560,Oriximina,-1.7656,-55.8661,84.63,few clouds,43,17,3.2,BR,2022-08-31 22:36:48
561,Bandar-E Lengeh,26.5579,54.8807,88.92,overcast clouds,59,100,1.12,IR,2022-08-31 22:36:48
562,Sfantu Gheorghe,45.8667,25.7833,63.27,broken clouds,93,55,3.76,RO,2022-08-31 22:36:48
563,Vestmanna,62.1564,-7.1664,49.12,broken clouds,87,75,17.27,FO,2022-08-31 22:36:49
564,Kudahuvadhoo,2.6708,72.8944,81.45,overcast clouds,73,88,18.95,MV,2022-08-31 22:36:49
565,Manitouwadge,49.1215,-85.8403,57.33,clear sky,44,7,8.88,CA,2022-08-31 22:36:49
566,Sorong,-0.8833,131.25,79.3,scattered clouds,78,48,4.43,ID,2022-08-31 22:36:50
567,Calvinia,-31.4707,19.776,63.34,overcast clouds,28,98,9.93,ZA,2022-08-31 22:36:50
568,Nyurba,63.2842,118.3319,38.95,broken clouds,92,82,4.65,RU,2022-08-31 22:36:50
569,Baghdad,33.3406,44.4009,89.51,clear sky,22,0,4.61,IQ,2022-08-31 22:34:46
570,Carballo,43.213,-8.691,64.09,broken clouds,90,76,3.94,ES,2022-08-31 22:36:51
571,Zaysan,47.4667,84.8667,61.99,clear sky,25,3,6.71,KZ,2022-08-31 22:36:51
572,Sept-Iles,50.2001,-66.3821,64.92,mist,98,100,4.61,CA,2022-08-31 22:36:51
573,Tarata,-17.6167,-66.0167,71.02,clear sky,56,6,7.94,BO,2022-08-31 22:36:51
574,Marsh Harbour,26.5412,-77.0636,84.11,scattered clouds,71,27,7.87,BS,2022-08-31 22:36:52
575,Kazachinskoye,57.6953,93.2761,47.34,overcast clouds,97,100,4.25,RU,2022-08-31 22:36:52
576,Gainesville,29.6516,-82.3248,88.79,broken clouds,57,75,10.36,US,2022-08-31 22:36:11
577,Smithers,54.7804,-127.1743,73.72,broken clouds,46,75,10.36,CA,2022-08-31 22:36:52
578,Addanki,15.8167,79.9833,80.78,overcast clouds,82,100,4.18,IN,2022-08-31 22:36:53
579,Praia,14.9215,-23.5087,77.54,few clouds,88,20,3.44,CV,2022-08-31 22:36:53
580,Virginia Beach,36.8529,-75.978,89.64,scattered clouds,59,40,9.22,US,2022-08-31 22:34:35
581,Dawei,14.0833,98.2,77.41,overcast clouds,92,100,1.45,MM,2022-08-31 22:36:53
582,Caluquembe,-13.7833,14.6833,61.29,scattered clouds,59,47,4.74,AO,2022-08-31 22:36:54
583,Taoudenni,22.6783,-3.9836,97.16,clear sky,19,8,3.31,ML,2022-08-31 22:36:54
584,Gornyatskiy,48.2915,40.9575,76.06,broken clouds,42,64,6.42,RU,2022-08-31 22:36:54
585,Ishigaki,24.3448,124.1572,80.73,moderate rain,94,75,17.27,JP,2022-08-31 22:36:55
586,Brigantine,39.4101,-74.3646,82.99,clear sky,45,0,12.66,US,2022-08-31 22:37:55
587,Belmopan,17.25,-88.7667,86.38,overcast clouds,76,100,4.92,BZ,2022-08-31 22:37:55
588,Okato,-39.2,173.8833,61.18,scattered clouds,53,46,11.99,NZ,2022-08-31 22:37:55
589,Otane,-39.8833,176.6333,54.01,few clouds,56,18,2.17,NZ,2022-08-31 22:37:56
590,Bagdarin,54.4333,113.6,46.53,overcast clouds,75,100,6.2,RU,2022-08-31 22:37:56
591,Shamkhal,43.0596,47.3373,73.38,clear sky,52,4,1.72,RU,2022-08-31 22:37:56
592,Nuqui,5.7125,-77.2708,78.15,light rain,87,76,9.15,CO,2022-08-31 22:37:57
593,North Bend,43.4065,-124.2243,78.24,scattered clouds,81,40,12.66,US,2022-08-31 22:37:57
594,Kununurra,-15.7667,128.7333,73.38,few clouds,83,19,5.75,AU,2022-08-31 22:36:12
595,Ciudad Bolivar,8.1222,-63.5497,82.63,overcast clouds,61,99,5.5,VE,2022-08-31 22:37:57
596,La Ronge,55.1001,-105.2842,80.82,few clouds,36,20,10.36,CA,2022-08-31 22:34:47
597,Howard,39.2504,-76.933,84.06,clear sky,50,0,1.01,US,2022-08-31 22:37:58
598,High Level,58.5169,-117.136,73.51,broken clouds,31,75,5.75,CA,2022-08-31 22:37:58
599,Trifesti,47.45,27.5167,68.38,light rain,68,84,6.22,RO,2022-08-31 22:37:58
600,Casma,-41.0082,-73.1244,51.24,overcast clouds,96,95,2.98,CL,2022-08-31 22:37:59
601,San Policarpo,12.1791,125.5072,79.93,broken clouds,84,64,5.55,PH,2022-08-31 22:37:59
602,Damara,4.9608,18.7035,70.27,moderate rain,96,99,2.33,CF,2022-08-31 22:37:59
603,Trinidad,-14.8333,-64.9,87.78,smoke,42,0,0.0,BO,2022-08-31 22:38:00
604,Toora-Khem,52.4675,96.11,45.68,broken clouds,91,72,1.43,RU,2022-08-31 22:38:00
605,Vilaka,57.1846,27.6722,45.34,overcast clouds,85,97,8.12,LV,2022-08-31 22:38:00
606,Lakki Marwat,32.6079,70.9114,89.83,clear sky,52,3,2.82,PK,2022-08-31 22:38:01
607,Mount Gambier,-37.8333,140.7667,46.31,broken clouds,100,75,9.22,AU,2022-08-31 22:38:01
608,Parintins,-2.6283,-56.7358,85.57,broken clouds,35,64,2.55,BR,2022-08-31 22:38:01
609,Walvis Bay,-22.9575,14.5053,60.1,scattered clouds,82,28,5.75,NA,2022-08-31 22:38:01
610,Zheleznodorozhnyy,55.7503,38.0042,54.21,few clouds,72,24,8.68,RU,2022-08-31 22:38:02
611,Gvarv,59.3875,9.1737,52.03,clear sky,80,8,2.06,NO,2022-08-31 22:38:02
612,Blackwater,-23.5833,148.8833,69.3,broken clouds,62,61,9.86,AU,2022-08-31 22:34:57
613,Vardo,70.3705,31.1107,42.78,overcast clouds,75,100,11.5,NO,2022-08-31 22:38:02
614,Pitea,65.3172,21.4794,46.49,broken clouds,80,84,10.09,SE,2022-08-31 22:38:03
615,Muzhi,65.3667,64.6667,36.9,scattered clouds,89,25,5.41,RU,2022-08-31 22:38:03
616,Severo-Kurilsk,50.6789,156.125,57.58,overcast clouds,74,100,2.3,RU,2022-08-31 22:38:03
617,Nivala,63.9167,24.9667,40.68,scattered clouds,87,43,5.14,FI,2022-08-31 22:38:04
618,Shakawe,-18.3667,21.85,63.05,clear sky,39,3,6.11,BW,2022-08-31 22:38:04
619,Kpandu,6.9954,0.2931,73.27,light rain,93,82,9.84,GH,2022-08-31 22:38:04
620,Vanersborg,58.3807,12.3234,48.58,clear sky,87,9,2.3,SE,2022-08-31 22:38:05
621,Saint-Augustin,51.226,-58.6502,65.34,overcast clouds,91,95,12.24,CA,2022-08-31 22:38:05
622,Rio Gallegos,-51.6226,-69.2181,50.05,clear sky,50,0,6.91,AR,2022-08-31 22:38:05
623,Oxbow,49.2333,-102.1676,89.64,clear sky,36,0,7.25,CA,2022-08-31 22:38:05
624,Erie,42.7667,-78.6664,75.07,scattered clouds,67,49,8.99,US,2022-08-31 22:38:06
625,Giyani,-23.3025,30.7187,53.74,clear sky,65,0,5.01,ZA,2022-08-31 22:38:06
626,Calamar,10.2511,-74.9146,79.66,overcast clouds,87,94,6.85,CO,2022-08-31 22:38:06
627,Port Augusta,-32.5,137.7667,54.45,broken clouds,58,54,7.25,AU,2022-08-31 22:38:07
628,Riachao,-7.3619,-46.6172,82.33,scattered clouds,30,29,4.56,BR,2022-08-31 22:38:07
629,Jasper,37.2001,-94.3502,90.0,few clouds,28,20,8.05,US,2022-08-31 22:37:57
630,Inuvik,68.3499,-133.7218,69.01,scattered clouds,46,40,9.22,CA,2022-08-31 22:38:07
631,Eenhana,-17.4667,16.3333,68.38,clear sky,24,3,10.22,NA,2022-08-31 22:38:08
632,Nelson Bay,-32.7167,152.15,63.0,clear sky,99,5,1.99,AU,2022-08-31 22:39:08
633,Aksarka,66.5606,67.7975,42.57,overcast clouds,74,96,1.25,RU,2022-08-31 22:39:08
634,Coffs Harbour,-30.3,153.1333,62.56,clear sky,72,3,5.75,AU,2022-08-31 22:39:08
635,Douglas,41.3,-96.167,95.52,clear sky,38,0,11.5,US,2022-08-31 22:36:46
636,Russell,32.3502,-85.1999,91.96,clear sky,49,0,10.36,US,2022-08-31 22:39:09
637,Det Udom,14.906,105.0784,76.82,overcast clouds,92,89,2.51,TH,2022-08-31 22:39:09
638,Ullapool,57.8987,-5.1604,50.34,clear sky,89,3,3.49,GB,2022-08-31 22:39:10
639,Barguzin,53.6167,109.6167,53.65,overcast clouds,66,86,6.46,RU,2022-08-31 22:39:10
640,Samarai,-10.6167,150.6667,78.62,moderate rain,88,100,22.15,PG,2022-08-31 22:39:10
641,Ballina,-28.8667,153.5667,64.02,scattered clouds,84,49,6.96,AU,2022-08-31 22:38:27
642,Zabol,32.25,67.25,66.36,clear sky,30,0,8.52,AF,2022-08-31 22:39:11
643,Miyako,39.6367,141.9525,76.19,broken clouds,91,73,4.81,JP,2022-08-31 22:39:11
644,Sarangani,5.4033,125.4636,83.07,broken clouds,72,77,2.91,PH,2022-08-31 22:39:11
645,Moussoro,13.6408,16.4901,72.99,heavy intensity rain,89,100,27.6,TD,2022-08-31 22:39:11
646,Karla,59.3723,24.9275,50.58,few clouds,72,20,8.05,EE,2022-08-31 22:39:12
647,Jucuaran,13.2539,-88.2478,79.25,overcast clouds,86,91,2.62,SV,2022-08-31 22:39:12
648,Hirado,33.3597,129.5531,76.39,overcast clouds,84,94,19.1,JP,2022-08-31 22:39:12
649,Xiuyan,40.2928,123.2744,61.48,clear sky,89,2,7.45,CN,2022-08-31 22:39:13
650,Lishan,31.8576,113.2951,68.79,overcast clouds,68,100,3.91,CN,2022-08-31 22:39:13
651,Algiers,36.7525,3.042,81.88,overcast clouds,60,96,1.83,DZ,2022-08-31 22:39:13
652,Gawler,-34.6,138.7333,50.34,broken clouds,92,81,1.16,AU,2022-08-31 22:37:50
653,La Tuque,47.4334,-72.7824,64.65,broken clouds,63,73,2.3,CA,2022-08-31 22:39:14
654,Uromi,6.7,6.3333,69.71,overcast clouds,97,100,4.74,NG,2022-08-31 22:39:14
655,Bullhead City,35.1478,-114.5683,113.94,clear sky,15,0,9.22,US,2022-08-31 22:39:14
656,Gweta,-20.1833,25.2333,59.05,clear sky,59,0,16.53,BW,2022-08-31 22:39:14
657,Ostrovnoy,68.0531,39.5131,44.85,overcast clouds,71,99,13.94,RU,2022-08-31 22:39:15
658,Mehamn,71.0357,27.8492,44.51,overcast clouds,71,98,12.01,NO,2022-08-31 22:39:15
659,Dudinka,69.4058,86.1778,37.13,few clouds,96,15,7.02,RU,2022-08-31 22:39:15
660,Louth,53.3666,-0.0044,62.24,few clouds,82,20,20.71,GB,2022-08-31 22:39:16
661,Mananara,-16.1667,49.7667,65.37,clear sky,89,5,2.71,MG,2022-08-31 22:39:16
662,Slave Lake,55.2834,-114.769,73.38,clear sky,64,0,6.91,CA,2022-08-31 22:39:16
663,Marovoay,-16.1,46.6333,68.2,clear sky,69,4,3.47,MG,2022-08-31 22:39:17
664,Quatre Cocos,-20.2078,57.7625,62.71,few clouds,77,16,3.53,MU,2022-08-31 22:39:17
665,Nouadhibou,20.931,-17.0347,75.61,overcast clouds,93,100,4.76,MR,2022-08-31 22:39:17
666,Naziya,59.8,31.3833,46.54,moderate rain,1,100,14.88,RU,2022-08-31 22:39:18
667,Caraquet,47.7941,-64.9386,63.14,overcast clouds,97,100,15.9,CA,2022-08-31 22:39:18
668,Teya,60.3778,92.6267,42.46,overcast clouds,71,97,7.92,RU,2022-08-31 22:39:18
669,Saint-Joseph,-21.3667,55.6167,66.58,clear sky,77,9,4.29,RE,2022-08-31 22:39:18
670,Brokopondo,4.75,-55.1667,83.19,overcast clouds,73,94,2.64,SR,2022-08-31 22:39:19
671,Svetlogorsk,52.6333,29.7333,51.15,scattered clouds,64,31,5.5,BY,2022-08-31 22:39:19
672,Chicama,-7.8447,-79.1469,59.54,scattered clouds,73,29,9.22,PE,2022-08-31 22:39:19
673,Nabire,-3.3667,135.4833,76.71,overcast clouds,91,91,1.48,ID,2022-08-31 22:39:20
674,Price,39.5994,-110.8107,92.46,clear sky,10,0,0.0,US,2022-08-31 22:39:20
675,Pangnirtung,66.1451,-65.7125,51.8,few clouds,46,20,14.97,CA,2022-08-31 22:39:20
676,Mission,26.2159,-98.3253,94.21,clear sky,57,0,14.97,US,2022-08-31 22:36:00
677,Stornoway,58.2093,-6.3865,48.92,few clouds,95,20,2.3,GB,2022-08-31 22:39:20
678,Xuddur,4.1213,43.8894,69.35,scattered clouds,78,39,16.42,SO,2022-08-31 22:39:21
679,Okhotsk,59.3833,143.3,59.52,few clouds,85,16,9.84,RU,2022-08-31 22:40:21
680,Mecca,21.4267,39.8261,88.16,clear sky,51,4,3.58,SA,2022-08-31 22:40:21
681,Ca Mau,9.1769,105.15,77.79,scattered clouds,90,29,2.24,VN,2022-08-31 22:35:51
682,Amli,20.2833,73.0167,78.19,light rain,89,91,1.79,IN,2022-08-31 22:40:22
683,Bestobe,52.4994,73.0975,68.22,scattered clouds,35,38,10.36,KZ,2022-08-31 22:40:22
684,Maraba,-5.3686,-49.1178,84.38,clear sky,51,0,0.0,BR,2022-08-31 22:40:22
685,Gazanjyk,39.2446,55.5154,79.79,clear sky,14,0,6.42,TM,2022-08-31 22:40:23
686,Margate,51.3813,1.3862,67.89,few clouds,80,23,8.99,GB,2022-08-31 22:40:23
687,Kuvshinovo,57.0295,34.1725,44.15,overcast clouds,87,89,11.41,RU,2022-08-31 22:40:23
688,Ulladulla,-35.35,150.4667,57.78,clear sky,66,8,4.32,AU,2022-08-31 22:40:24
689,Biak,-0.9131,122.8766,76.89,broken clouds,79,51,6.49,ID,2022-08-31 22:40:24
690,Petropavlovsk-Kamchatskiy,53.0452,158.6483,57.79,clear sky,77,0,6.71,RU,2022-08-31 22:40:24
691,Barra Do Garcas,-15.89,-52.2567,82.81,few clouds,28,11,3.2,BR,2022-08-31 22:40:25
